playerID,nameFirst,nameLast,bbrefID,mlbamID,pos
actonga01,Garrett,Acton,actonga01,670183,P
boylejo01,Joe,Boyle,boylejo01,671212,P
butlela01,Lawrence,Butler,butlela01,671732,RF
erceglu01,Lucas,Erceg,erceglu01,668674,P
estesjo01,Joey,Estes,estesjo01,683155,P
felipan01,Angel,Felipe,felipan01,665734,P
fujinsh01,Shintaro,Fujinami,fujinsh01,660261,P
gelofza01,Zack,Gelof,gelofza01,680869,2B
harriho03,Hogan,Harris,harriho03,663687,P
lucasea01,Easton,Lucas,lucasea01,687922,P
medinlu02,Luis,Medina,medinlu02,665622,P
millema03,Mason,Miller,millema03,695243,P
nodary01,Ryan,Noda,nodary01,676116,1B
soderty01,Tyler,Soderstrom,soderty01,691016,LF
sweetde01,Devin,Sweet,sweetde01,682967,P
bidoos01,Osvaldo,Bido,bidoos01,674370,P
boltoco01,Cody,Bolton,boltoco01,675989,P
davishe01,Henry,Davis,davishe01,680779,C
gonzani01,Nick,Gonzales,gonzani01,693304,2B
hernajo03,Jose,Hernandez,hernajo03,669796,P
maggidr01,Drew,Maggi,maggidr01,543482,3B
mlodzca01,Carmen,Mlodzinski,mlodzca01,669387,P
nicolky01,Kyle,Nicolas,nicolky01,693312,P
priesqu01,Quinn,Priester,priesqu01,682990,P
rodrien01,Endy,Rodríguez,rodrien01,682848,C
selbyco01,Colin,Selby,selbyco01,681882,P
strathu01,Hunter,Stratton,strathu01,676702,P
triolja01,Jared,Triolo,triolja01,669707,3B
willial04,Alika,Williams,willial04,675961,SS
cosgrto01,Tom,Cosgrove,cosgrto01,676680,P
espadjo01,Jose,Espada,espadjo01,664744,P
hernani01,Nick,Hernandez,hernani01,663321,P
jacobal01,Alek,Jacob,jacobal01,689690,P
kohlwta01,Taylor,Kohlwey,kohlwta01,670128,RF
seaglch01,Chandler,Seagle,seaglch01,676882,C
sullibr01,Brett,Sullivan,sullibr01,664954,C
waldrma01,Matt,Waldron,waldrma01,663362,P
wolfja01,Jackson,Wolf,wolfja01,680232,P
adcocty01,Ty,Adcock,adcocty01,686654,P
berropr01,Prelander,Berroa,berropr01,672860,P
cabaljo01,José,Caballero,cabaljo01,676609,SS
campbis01,Isaiah,Campbell,campbis01,663462,P
canzodo01,Dominic,Canzone,canzodo01,686527,DH
hancoem01,Emerson,Hancock,hancoem01,676106,P
marloca01,Cade,Marlowe,marloca01,687799,LF
millebr04,Bryce,Miller,millebr04,682243,P
ryanry01,Ryder,Ryan,ryanry01,656924,P
thenju01,Juan,Then,thenju01,672730,P
woobr01,Bryan,Woo,woobr01,693433,P
bailepa01,Patrick,Bailey,bailepa01,672275,C
becktr01,Tristan,Beck,becktr01,663941,P
fitzgty01,Tyler,Fitzgerald,fitzgty01,666149,SS
harriky01,Kyle,Harrison,harriky01,690986,P
luciama01,Marco,Luciano,luciama01,682617,SS
matoslu02,Luis,Matos,matoslu02,682641,CF
mecklwa01,Wade,Meckler,mecklwa01,685133,OF
sabolbl01,Blake,Sabol,sabolbl01,666165,C
schmica01,Casey,Schmitt,schmica01,669477,SS
walkery01,Ryan,Walker,walkery01,676254,P
winnke01,Keaton,Winn,winnke01,676775,P
wiselbr01,Brett,Wisely,wiselbr01,689172,2B
bakerlu01,Luken,Baker,bakerlu01,663609,1B
fermijo01,José,Fermín,fermijo01,665877,2B
leahyky01,Kyle,Leahy,leahyky01,681517,P
lopezir01,Irving,Lopez,lopezir01,676761,2B
romdr01,Drew,Rom,romdr01,680723,P
walkejo02,Jordan,Walker,walkejo02,691023,RF
winnma01,Masyn,Winn,winnma01,691026,SS
zuniggu01,Guillo,Zuñiga,zuniggu01,670871,P
basabos01,Osleivis,Basabe,basabos01,678545,SS
bradlta01,Taj,Bradley,bradlta01,671737,P
bristbr01,Braden,Bristo,bristbr01,668754,P
caminju01,Junior,Caminero,caminju01,691406,3B
graytr01,Tristan,Gray,graytr01,656484,3B
kellyke02,Kevin,Kelly,kellyke02,687330,P
lasorjo01,Joe,La Sorsa,lasorjo01,686747,P
lopezja04,Jacob,Lopez,lopezja04,682052,P
lopezjo04,José,Lopez,lopezjo04,673111,P
meadcu01,Curtis,Mead,meadcu01,678554,2B
andergr01,Grant,Anderson,andergr01,681982,P
bradfco01,Cody,Bradford,bradfco01,674003,P
carteev01,Evan,Carter,carteev01,694497,LF
martijp01,J. P.,Martínez,martijp01,679881,LF
orneljo01,Jonathan,Ornelas,orneljo01,680716,SS
speasal01,Alex,Speas,speasal01,666208,P
whiteow01,Owen,White,whiteow01,669391,P
danneha01,Hagen,Danner,danneha01,668470,P
edenca01,Cam,Eden,edenca01,686490,CF
horwisp01,Spencer,Horwitz,horwisp01,687462,1B
lukesna01,Nathan,Lukes,lukesna01,664770,RF
mccoyma01,Mason,McCoy,mccoyma01,669200,SS
schneda03,Davis,Schneider,schneda03,676914,LF
balazjo02,Jordan,Balazovic,balazjo02,666364,P
fundeko01,Kody,Funderburk,fundeko01,681892,P
headrbr01,Brent,Headrick,headrbr01,687396,P
julieed01,Edouard,Julien,julieed01,666397,2B
kerkeor01,Orion,Kerkering,kerkeor01,689147,P
mooremc01,McKinley,Moore,mooremc01,686842,P
rojasjo03,Johan,Rojas,rojasjo03,679032,CF
wilsowe01,Weston,Wilson,wilsowe01,642215,3B
dodddy01,Dylan,Dodd,dodddy01,689266,P
hernada03,Daysbel,Hernández,hernada03,678226,P
shewmbr01,Braden,Shewmake,shewmbr01,669699,SS
shustja01,Jared,Shuster,shustja01,694363,P
smithaj01,AJ,Smith-Shawver,smithaj01,700363,P
vinesda01,Darius,Vines,vinesda01,670241,P
wallfo01,Forrest,Wall,wallfo01,657088,LF
winanal01,Allan,Winans,winanal01,642216,P
colasos01,Oscar,Colás,colasos01,693049,RF
cronide01,Declan,Cronin,cronide01,686539,P
navared01,Edgar,Navarro,navared01,679346,P
peralsa01,Sammy,Peralta,peralsa01,671111,P
ramsela02,Lane,Ramsey,ramsela02,682010,P
remilza01,Zach,Remillard,remilza01,621545,2B
rodrijo09,José,Rodriguez,rodrijo09,679563,SS
scholje01,Jesse,Scholtens,scholje01,669947,P
amayaja01,Jacob,Amaya,amayaja01,676070,SS
dejesen01,Enmanuel,De Jesus,dejesen01,646241,P
edwarxa01,Xavier,Edwards,edwarxa01,669364,SS
garciro04,Robert,Garcia,garciro04,676395,P
lindgje01,Jeff,Lindgren,lindgje01,689167,P
myersda01,Dane,Myers,myersda01,667472,CF
perezeu02,Eury,Pérez,perezeu02,691587,P
soriage01,George,Soriano,soriage01,666277,P
britojh01,Jhony,Brito,britojh01,666745,P
dominja01,Jasson,Domínguez,dominja01,691176,LF
gomezyo01,Yoendrys,Gómez,gomezyo01,672782,P
krookma01,Matt,Krook,krookma01,640454,P
pereiev01,Everson,Pereira,pereiev01,677592,CF
vasqura02,Randy,Vásquez,vasqura02,681190,P
volpean01,Anthony,Volpe,volpean01,683011,SS
wellsau01,Austin,Wells,wellsau01,669224,C
andrecl02,Clayton,Andrews,andrecl02,677076,P
boushca01,Caleb,Boushley,boushca01,676961,P
frelisa01,Sal,Frelick,frelisa01,686217,RF
monasan01,Andruw,Monasterio,monasan01,655316,3B
perkibl01,Blake,Perkins,perkibl01,663368,CF
turanbr02,Brice,Turang,turanbr02,668930,2B
uribeab01,Abner,Uribe,uribeab01,682842,P
varlagu01,Gus,Varland,varlagu01,681402,P
wiemejo01,Joey,Wiemer,wiemejo01,686894,LF
adamsjo03,Jordyn,Adams,adamsjo03,677941,CF
bachmsa01,Sam,Bachman,bachmsa01,696147,P
cabbatr01,Trey,Cabbage,cabbatr01,663550,1B
cacerke01,Kelvin,Cáceres,cacerke01,680983,P
danieda01,Davis,Daniel,danieda01,669721,P
ingrako01,Kolton,Ingram,ingrako01,688427,P
joycebe01,Ben,Joyce,joycebe01,690829,P
medervi01,Victor,Mederos,medervi01,682989,P
netoza01,Zach,Neto,netoza01,687263,SS
parisky01,Kyren,Paris,parisky01,677347,2B
schanno01,Nolan,Schanuel,schanno01,694384,1B
soriajo02,José,Soriano,soriajo02,667755,P
ceccosl01,Slade,Cecconi,ceccosl01,677944,P
fletcdo01,Dominic,Fletcher,fletcdo01,666150,RF
jarvibr01,Bryce,Jarvis,jarvibr01,686826,P
lawlajo01,Jordan,Lawlar,lawlajo01,691783,SS
martiju01,Justin,Martinez,martiju01,679885,P
pfaadbr01,Brandon,Pfaadt,pfaadbr01,694297,P
saalfan01,Andrew,Saalfrank,saalfan01,685314,P
vargaca01,Carlos,Vargas,vargaca01,672841,P
cowseco01,Colton,Cowser,cowseco01,681297,LF
kjershe01,Heston,Kjerstad,kjershe01,677008,LF
ortizjo06,Joey,Ortiz,ortizjo06,687401,SS
rodrigr01,Grayson,Rodriguez,rodrigr01,680570,P
vallich01,Chris,Vallimont,vallich01,681808,P
westbjo01,Jordan,Westburg,westbjo01,676059,3B
abreuwi02,Wilyer,Abreu,abreuwi02,677800,RF
hamilda03,David,Hamilton,hamilda03,666152,SS
jacqujo01,Joe,Jacques,jacqujo01,682175,P
murphch01,Chris,Murphy,murphch01,669684,P
rafaece01,Ceddanne,Rafaela,rafaece01,678882,SS
roberni01,Nick,Robertson,roberni01,687798,P
valdeen01,Enmanuel,Valdez,valdeen01,665839,2B
waltebr01,Brandon,Walter,waltebr01,687888,P
yoshima02,Masataka,Yoshida,yoshima02,807799,LF
amayami01,Miguel,Amaya,amayami01,665804,C
canaral01,Alexander,Canario,canaral01,672744,LF
crowape01,Pete,Crow-Armstrong,crowape01,691718,CF
littllu01,Luke,Little,littllu01,681432,P
mervima01,Matt,Mervis,mervima01,670223,1B
palenda01,Daniel,Palencia,palenda01,694037,P
wicksjo01,Jordan,Wicks,wicksjo01,696136,P
abbotan01,Andrew,Abbott,abbotan01,671096,P
delacel01,Elly,De La Cruz,delacel01,682829,SS
encarch01,Christian,Encarnacion-Strand,encarch01,687952,1B
hopkitj01,TJ,Hopkins,hopkitj01,686759,CF
karchri01,Ricky,Karcher,karchri01,676689,P
legumca01,Casey,Legumina,legumca01,668984,P
marteno01,Noelvi,Marte,marteno01,682622,3B
mclaima01,Matt,McLain,mclaima01,680574,2B
phillco01,Connor,Phillips,phillco01,683175,P
richaly01,Lyon,Richardson,richaly01,680689,P
salazed01,Eduardo,Salazar,salazed01,674285,P
spierca01,Carson,Spiers,spierca01,686730,P
stoudle01,Levi,Stoudt,stoudle01,686651,P
willibr02,Brandon,Williamson,willibr02,682227,P
wongja01,Jake,Wong,wongja01,673858,P
wynnera01,Randy,Wynne,wynnera01,691094,P
allenlo02,Logan,Allen,allenlo02,671106,P
battepe01,Peyton,Battenfield,battepe01,685410,P
bibeeta01,Tanner,Bibee,bibeeta01,676440,P
fryda01,David,Fry,fryda01,681807,1B
herriti01,Tim,Herrin,herriti01,682120,P
rocchbr01,Brayan,Rocchio,rocchbr01,677587,SS
tenajo01,José,Tena,tenajo01,677588,3B
williga01,Gavin,Williams,williga01,668909,P
calvobl01,Blair,Calvo,calvobl01,663971,P
doylebr02,Brenton,Doyle,doylebr02,686668,CF
goodmhu01,Hunter,Goodman,goodmhu01,696100,C
justiev01,Evan,Justice,justiev01,687145,P
kaiseco01,Connor,Kaiser,kaiseco01,663731,SS
kauffka01,Karl,Kauffmann,kauffka01,666154,P
monteco01,Coco,Montes,monteco01,663796,2B
pintri01,Riley,Pint,pintri01,666207,P
vodnivi01,Victor,Vodnik,vodnivi01,680767,P
englema01,Mason,Englert,englema01,669438,P
gipsosa01,Sawyer,Gipson-Long,gipsosa01,687830,P
hanifbr01,Brenan,Hanifee,hanifbr01,669724,P
lipcian01,Andre,Lipcius,lipcian01,686531,2B
meadopa01,Parker,Meadows,meadopa01,678009,CF
olsonre01,Reese,Olson,olsonre01,681857,P
whitebr01,Brendan,White,whitebr01,686839,P
dubinsh01,Shawn,Dubin,dubinsh01,681869,P
francjp01,J. P.,France,francjp01,641585,P
julksco01,Corey,Julks,julksco01,667452,LF
kessigr01,Grae,Kessinger,kessigr01,666197,3B
salazce01,César,Salazar,salazce01,663967,C
bowlajo01,Jonathan,Bowlan,bowlajo01,680742,P
coxau01,Austin,Cox,coxau01,680735,P
croplty01,Tyler,Cropley,croplty01,680418,C
cruzst01,Steven,Cruz,cruzst01,674444,P
loftini01,Nick,Loftin,loftini01,679845,2B
marshal01,Alec,Marsh,marshal01,679525,P
mcartja01,James,McArthur,mcartja01,663704,P
mcmiljo01,John,McMillon,mcmiljo01,669111,P
portelo01,Logan,Porter,portelo01,682515,C
taylosa04,Samad,Taylor,taylosa04,669392,2B
venezan01,Anthony,Veneziano,venezan01,685107,P
buschmi02,Michael,Busch,buschmi02,683737,1B
delucjo01,Jonny,DeLuca,delucjo01,676356,RF
hudsobr01,Bryan,Hudson,hudsobr01,663542,P
hurtky01,Kyle,Hurt,hurtky01,669165,P
millebo06,Bobby,Miller,millebo06,676272,P
sheehem01,Emmet,Sheehan,sheehem01,686218,P
stonega01,Gavin,Stone,stonega01,694813,P
aluja01,Jake,Alu,aluja01,666906,3B
ferrejo01,José,Ferrer,ferrejo01,678606,P
harriho02,Hobie,Harris,harriho02,665048,P
irvinja01,Jake,Irvin,irvinja01,663623,P
milladr01,Drew,Millas,milladr01,686452,C
ruthebl01,Blake,Rutherford,ruthebl01,666164,LF
rutleja01,Jackson,Rutledge,rutleja01,671131,P
wardth01,Thaddeus,Ward,wardth01,663658,P
william01,Amos,Willingham,william01,686294,P
youngja03,Jacob,Young,youngja03,696285,CF
hartwgr01,Grant,Hartwig,hartwgr01,701643,P
mauriro01,Ronny,Mauricio,mauriro01,677595,SS
muckeza01,Zach,Muckenhirn,muckeza01,669105,P
sengako01,Kodai,Senga,sengako01,673540,P
walkejo03,Josh,Walker,walkejo03,677020,P
alvarar01,Armando,Alvarez,alvarar01,669137,3B
bassobr01,Brady,Basso,bassobr01,669620,P
ferguty01,Tyler,Ferguson,ferguty01,621053,P
ginnjt01,J. T.,Ginn,ginnjt01,669372,P
harribr02,Brett,Harris,harribr02,695391,3B
hernada04,Darell,Hernaiz,hernada04,687231,3B
holmagr01,Grant,Holman,holmagr01,680880,P
kleinwi01,Will,Klein,kleinwi01,694361,P
mccanky01,Kyle,McCann,mccanky01,668832,C
olougja01,Jack,O'Loughlin,olougja01,672552,P
otanemi01,Michel,Otañez,otanemi01,671305,P
schuema01,Max,Schuemann,schuema01,680474,SS
spencmi01,Mitch,Spence,spencmi01,687765,P
wilsoja05,Jacob,Wilson,wilsoja05,805779,SS
burromi01,Mike,Burrows,burromi01,681347,P
cookbi01,Billy,Cook,cookbi01,695257,1B
feiglbr01,Brady,Feigl,feiglbr01,621399,P
jonesja09,Jared,Jones,jonesja09,683003,P
kochgr01,Grant,Koch,kochgr01,667428,C
skenepa01,Paul,Skenes,skenepa01,694973,P
yorkeni01,Nick,Yorke,yorkeni01,694377,2B
kolekst01,Stephen,Kolek,kolekst01,663568,P
lockrbr01,Brandon,Lockridge,lockrbr01,663604,LF
matsuyu01,Yuki,Matsui,matsuyu01,673513,P
mazurad01,Adam,Mazur,mazurad01,800049,P
merrija01,Jackson,Merrill,merrija01,701538,CF
paulegr01,Graham,Pauley,paulegr01,688363,3B
reynose01,Sean,Reynolds,reynose01,669308,P
blissry01,Ryan,Bliss,blissry01,669208,2B
clasejo01,Jonatan,Clase,clasejo01,682729,LF
locklty01,Tyler,Locklear,locklty01,682988,1B
rivasle01,Leo,Rivas,rivasle01,660844,SS
taylotr01,Troy,Taylor,taylotr01,700187,P
avilani01,Nick,Avila,avilani01,687014,P
birdsha01,Hayden,Birdsong,birdsha01,806185,P
bivensp01,Spencer,Bivens,bivensp01,702352,P
blackma01,Mason,Black,blackma01,696131,P
brooktr01,Trenton,Brooks,brooktr01,670092,1B
burgora01,Raymond,Burgos,burgora01,670103,P
leeju01,Jung Hoo,Lee,leeju01,808982,CF
mccragr01,Grant,McCray,mccragr01,687529,CF
mcdontr01,Trevor,McDonald,mcdontr01,686790,P
milleer01,Erik,Miller,milleer01,669062,P
rodrira02,Randy,Rodríguez,rodrira02,678495,P
rouppla01,Landen,Roupp,rouppla01,694738,P
tengka01,Kai-Wei,Teng,tengka01,678906,P
fernary01,Ryan,Fernandez,fernary01,681676,P
gracego01,Gordon,Graceffo,gracego01,700669,P
kloffad01,Adam,Kloffenstein,kloffad01,680572,P
loutory01,Ryan,Loutos,loutory01,702795,P
mcgremi01,Michael,McGreevy,mcgremi01,700241,P
pagespe02,Pedro,Pagés,pagespe02,686780,C
roycrch01,Chris,Roycroft,roycrch01,688297,P
saggeth01,Thomas,Saggese,saggeth01,695336,2B
scottvi01,Victor,Scott,scottvi01,687363,CF
biggehu01,Hunter,Bigge,biggehu01,685801,P
drisclo01,Logan,Driscoll,drisclo01,686482,C
misneka01,Kameron,Misner,misneka01,670224,CF
montgma01,Mason,Montgomery,montgma01,682254,P
shentau01,Austin,Shenton,shentau01,668853,1B
sternju01,Justin,Sterner,sternju01,686993,P
churcma01,Marc,Church,churcma01,687847,P
fabiasa01,Sandro,Fabian,fabiasa01,660758,OF
foscuju01,Justin,Foscue,foscuju01,679822,1B
garabge01,Gerson,Garabito,garabge01,642520,P
harridu01,Dustin,Harris,harridu01,687957,LF
langfwy01,Wyatt,Langford,langfwy01,694671,LF
leiteja01,Jack,Leiter,leiteja01,683004,P
penniwa01,Walter,Pennington,penniwa01,679156,P
roberda11,Daniel,Robert,roberda11,642016,P
rockeku01,Kumar,Rocker,rockeku01,677958,P
wendzda01,Davis,Wendzel,wendzda01,673995,3B
winnco01,Cole,Winn,winnco01,668390,P
bargead01,Addison,Barger,bargead01,680718,3B
berrost01,Steward,Berroa,berrost01,672642,RF
deloslu03,Luis,De Los Santos,deloslu03,665782,3B
eiserbr01,Brandon,Eisert,eiserbr01,685126,P
jimenle01,Leo,Jimenez,jimenle01,677870,SS
loperjo01,Joey,Loperfido,loperjo01,694388,LF
martior01,Orelvis,Martinez,martior01,682619,2B
rodriya01,Yariel,Rodríguez,rodriya01,684320,P
wagnewi01,Will,Wagner,wagnewi01,695238,3B
camarja01,Jair,Camargo,camarja01,665856,C
festada01,David,Festa,festada01,701581,P
helmami01,Michael,Helman,helmami01,680737,CF
keirsda01,DaShawn,Keirsey,keirsda01,680577,CF
leebr02,Brooks,Lee,leebr02,686797,3B
martiau01,Austin,Martin,martiau01,668885,CF
matthze01,Zebby,Matthews,matthze01,805673,P
johnsse01,Seth,Johnson,johnsse01,686751,P
lazarma01,Max,Lazar,lazarma01,676661,P
mercami01,Michael,Mercado,mercami01,675650,P
phillty01,Tyler,Phillips,phillty01,663969,P
alvarna01,Nacho,Alvarez,alvarna01,805373,SS
dunshpa01,Parker,Dunshee,dunshpa01,670161,P
holmegr01,Grant,Holmes,holmegr01,656550,P
schwesp01,Spencer,Schwellenbach,schwesp01,680885,P
waldrhu01,Hurston,Waldrep,waldrhu01,694462,P
baldwbr01,Brooks,Baldwin,baldwbr01,681460,2B
burkese01,Sean,Burke,burkese01,680732,P
bushky01,Ky,Bush,bushky01,681066,P
cannojo02,Jonathan,Cannon,cannojo02,686563,P
ederja01,Jake,Eder,ederja01,671109,P
ellarfr01,Fraser,Ellard,ellarfr01,686642,P
ellisdu01,Duke,Ellis,ellisdu01,668752,CF
iriarja01,Jairo,Iriarte,iriarja01,683568,P
leasujo01,Jordan,Leasure,leasujo01,673929,P
nastrni01,Nick,Nastrini,nastrni01,680897,P
ramosbr01,Bryan,Ramos,ramosbr01,682868,3B
thorpdr01,Drew,Thorpe,thorpdr01,689672,P
bachala01,Lake,Bachar,bachala01,669199,P
bellova01,Valente,Bellozo,bellova01,678368,P
bermujo01,Jonathan,Bermúdez,bermujo01,642834,P
coningr01,Griffin,Conine,coningr01,665052,RF
kitchau01,Austin,Kitchen,kitchau01,685116,P
maldoan01,Anthony,Maldonado,maldoan01,687424,P
munozro01,Roddery,Muñoz,munozro01,682610,P
norbyco01,Connor,Norby,norbyco01,681393,3B
peredjh01,Jhonny,Pereda,peredjh01,640902,C
petermi01,Michael,Petersen,petermi01,656848,P
ramirem01,Emmanuel,Ramirez,ramirem01,642629,P
sanojja01,Javier,Sanoja,sanojja01,691594,2B
villael02,Eli,Villalobos,villael02,681871,P
beetecl01,Clayton,Beeter,beetecl01,690925,P
maciejo01,Josh,Maciejewski,maciejo01,656671,P
narvaca01,Carlos,Narváez,narvaca01,665966,C
ricebe01,Ben,Rice,ricebe01,700250,1B
warrewi01,Will,Warren,warrewi01,701542,P
blackty01,Tyler,Black,blackty01,672012,3B
blalobr01,Bradley,Blalock,blalobr01,687134,P
chourja01,Jackson,Chourio,chourja01,694192,LF
colliis01,Isaac,Collins,colliis01,686555,LF
dunnol01,Oliver,Dunn,dunnol01,686554,3B
gassero01,Robert,Gasser,gassero01,688107,P
jayty01,Tyler,Jay,jayty01,664079,P
meekeja01,James,Meeker,meekeja01,703231,P
myersto01,Tobias,Myers,myersto01,668964,P
rodrica02,Carlos,Rodriguez,rodrica02,692230,P
rollech01,Chris,Roller,rollech01,676896,CF
aldegsa01,Sam,Aldegheri,aldegsa01,691951,P
campegu01,Gustavo,Campero,campegu01,672569,RF
danaca01,Caden,Dana,danaca01,702674,P
kavadni01,Niko,Kavadas,kavadni01,694359,1B
kochaja01,Jack,Kochanowicz,kochaja01,686799,P
kristza01,Zac,Kristofak,kristza01,670219,P
millery01,Ryan,Miller,millery01,668943,P
teodobr01,Bryce,Teodosio,teodobr01,669326,CF
wagamer01,Eric,Wagaman,wagamer01,676572,1B
zeferry01,Ryan,Zeferjahn,zeferry01,666171,P
alexabl01,Blaze,Alexander,alexabl01,677942,SS
barrojo01,Jorge,Barrosa,barrojo01,678489,LF
delcaad01,Adrian,Del Castillo,delcaad01,680728,C
diazyi01,Yilber,Díaz,diazyi01,700270,P
menacr01,Cristian,Mena,menacr01,691441,P
walstbl01,Blake,Walston,walstbl01,686796,P
banueda01,David,Bañuelos,banueda01,675915,C
hollija01,Jackson,Holliday,hollija01,702616,2B
mayoco01,Coby,Mayo,mayoco01,691723,3B
mcderch01,Chayce,McDermott,mcderch01,694646,P
povicca01,Cade,Povich,povicca01,700249,P
booseca01,Cam,Booser,booseca01,592155,P
fittsri01,Richard,Fitts,fittsri01,690916,P
gaspemi01,Mickey,Gasper,gaspemi01,681508,2B
guerrlu01,Luis,Guerrero,guerrlu01,692285,P
hornba01,Bailey,Horn,hornba01,690544,P
penroza01,Zach,Penrod,penroza01,683068,P
shugach01,Chase,Shugart,shugach01,663767,P
slateju01,Justin,Slaten,slateju01,686580,P
sogarni01,Nick,Sogard,sogarni01,686765,2B
uwasana01,Naoyuki,Uwasawa,uwasana01,683822,P
westbja02,Jamie,Westbrook,westbja02,642197,2B
alcanke01,Kevin,Alcántara,alcanke01,682634,RF
brownbe02,Ben,Brown,brownbe02,676962,P
hodgepo01,Porter,Hodge,hodgepo01,687863,P
imanash01,Shota,Imanaga,imanash01,684007,P
neelyja01,Jack,Neely,neelyja01,680891,P
vazqulu01,Luis,Vázquez,vazqulu01,676679,SS
aguiaju01,Julian,Aguiar,aguiaju01,687924,P
dunnbl01,Blake,Dunn,dunnbl01,694362,LF
hindsre01,Rece,Hinds,hindsre01,677956,RF
hurtuja01,Jacob,Hurtubise,hurtuja01,674441,LF
jordale01,Levi,Jordan,jordale01,682119,CF
kraveev01,Evan,Kravetz,kraveev01,667478,P
lowderh01,Rhett,Lowder,lowderh01,695076,P
yanger01,Eric,Yang,yanger01,687066,C
zulueyo01,Yosver,Zulueta,zulueyo01,691172,P
cantijo01,Joey,Cantillo,cantijo01,676282,P
gillico01,Connor,Gillispie,gillico01,687362,P
manzaky01,Kyle,Manzardo,manzaky01,700932,1B
martian02,Angel,Martínez,martian02,682657,CF
noeljh01,Jhonkensy,Noel,noeljh01,678877,RF
rodrijo10,Johnathan,Rodríguez,rodrijo10,671286,RF
sabroer01,Erik,Sabrowski,sabroer01,681870,P
schneda04,Daniel,Schneemann,schneda04,682177,SS
smithca06,Cade,Smith,smithca06,671922,P
waltean01,Andrew,Walters,waltean01,689958,P
amadoad01,Adael,Amador,amadoad01,691182,2B
beckjo01,Jordan,Beck,beckjo01,687597,LF
chivian01,Angel,Chivilli,chivian01,683409,P
criswje01,Jeff,Criswell,criswje01,676105,P
gordota01,Tanner,Gordon,gordota01,685299,P
halvose01,Seth,Halvorsen,halvose01,678020,P
hillja01,Jaden,Hill,hillja01,677955,P
jonesgr02,Greg,Jones,jonesgr02,675659,RF
molinan01,Anthony,Molina,molinan01,683627,P
perallu01,Luis,Peralta,perallu01,678821,P
romodr01,Drew,Romo,romodr01,691011,C
schunaa01,Aaron,Schunk,schunaa01,668845,2B
dingldi01,Dillon,Dingler,dingldi01,693307,C
hurtebr01,Brant,Hurter,hurtebr01,676428,P
jobeja01,Jackson,Jobe,jobeja01,695549,P
jungja01,Jace,Jung,jungja01,690291,3B
keithco01,Colt,Keith,keithco01,690993,2B
maddety01,Ty,Madden,maddety01,680744,P
malloju02,Justyn-Henry,Malloy,malloju02,669234,LF
monteke01,Keider,Montero,monteke01,672456,P
perezwe01,Wenceel,Pérez,perezwe01,672761,RF
sammobr01,Bryan,Sammons,sammobr01,676614,P
sweentr01,Trey,Sweeney,sweentr01,700242,SS
vanasri01,Ricky,Vanasco,vanasri01,676568,P
arrigsp01,Spencer,Arrighetti,arrigsp01,681293,P
blossja01,Jake,Bloss,blossja01,814005,P
contrlu01,Luis,Contreras,contrlu01,664351,P
dezenza01,Zach,Dezenzo,dezenza01,701305,LF
henlebl01,Blair,Henley,henlebl01,668874,P
kingbr02,Bryan,King,kingbr02,687911,P
leonpe01,Pedro,León,leonpe01,694175,RF
whitcsh01,Shay,Whitcomb,whitcsh01,694376,SS
whitlfo01,Forrest,Whitley,whitlfo01,666215,P
alexacj01,CJ,Alexander,alexacj01,680769,3B
gentrty01,Tyler,Gentry,gentrty01,694355,RF
sauerma01,Matt,Sauer,sauerma01,669422,P
caspabe01,Ben,Casparius,caspabe01,676508,P
feduchu01,Hunter,Feduccia,feduchu01,676439,C
henried01,Edgardo,Henriquez,henried01,683618,P
knackla01,Landon,Knack,knackla01,689017,P
pagesan01,Andy,Pages,pagesan01,681624,CF
ryanri01,River,Ryan,ryanri01,689981,P
wroblju01,Justin,Wrobleski,wroblju01,680736,P
yamamyo01,Yoshinobu,Yamamoto,yamamyo01,808967,P
bakerda02,Darren,Baker,bakerda02,671117,2B
brzykza01,Zach,Brzykcy,brzykza01,694350,P
chapaan01,Andrés,Chaparro,chapaan01,665953,1B
crewsdy01,Dylan,Crews,crewsdy01,686611,RF
herzdj01,DJ,Herz,herzdj01,687792,P
lipsctr01,Trey,Lipscomb,lipsctr01,702358,3B
nunezna01,Nasim,Nuñez,nunezna01,683083,SS
parkemi01,Mitchell,Parker,parkemi01,680730,P
ribalor01,Orlando,Ribalta,ribalor01,687377,P
woodja03,James,Wood,woodja03,695578,LF
acunajo01,Luisangel,Acuña,acunajo01,682668,SS
nunezde01,Dedniel,Núñez,nunezde01,673380,P
orzeer01,Eric,Orze,orzeer01,679358,P
scottch01,Christian,Scott,scottch01,681035,P
alvarel01,Elvis,Alvarado,alvarel01,665660,P
avansdr01,Drew,Avans,avansdr01,682183,LF
barnema02,Mason,Barnett,barnema02,686930,P
clarkde02,Denzel,Clarke,clarkde02,672016,CF
corteca01,Carlos,Cortes,corteca01,666126,LF
davidlo01,Logan,Davidson,davidlo01,669722,1B
duranca01,Carlos,Duran,duranca01,679922,P
hoglugu01,Gunnar,Hoglund,hoglugu01,680684,P
kurtzni01,Nick,Kurtz,kurtzni01,701762,1B
macivwi01,Willie,MacIver,macivwi01,680862,C
morallu01,Luis,Morales,morallu01,806960,P
muncyma02,Max,Muncy,muncyma02,691777,3B
murdono01,Noah,Murdock,murdono01,668716,P
nunezed03,Eduarniel,Núñez,nunezed03,674384,P
perkija01,Jack,Perkins,perkija01,678022,P
thomaco03,Colby,Thomas,thomaco03,687515,RF
ashcrbr01,Braxton,Ashcraft,ashcrbr01,677952,P
barcohu01,Hunter,Barco,barcohu01,682995,P
chandbu01,Bubba,Chandler,chandbu01,696149,P
chengts01,Tsung-Che,Cheng,chengts01,691907,SS
darremi01,Michael,Darrell-Hicks,darremi01,690382,P
devanca01,Cam,Devanney,devanca01,687478,SS
florera03,Rafael,Flores,florera03,804668,C
gorskma01,Matt,Gorski,gorskma01,685301,1B
harrito03,Tom,Harrington,harrito03,802419,P
sandeca01,Cam,Sanders,sandeca01,676742,P
simonro01,Ronny,Simon,simonro01,682927,2B
siskev01,Evan,Sisk,siskev01,681895,P
bergery01,Ryan,Bergert,bergery01,686701,P
cruzom01,Omar,Cruz,cruzom01,678316,P
morgada01,David,Morgan,morgada01,688158,P
ornelti01,Tirso,Ornelas,ornelti01,672359,LF
rodribr01,Bradgley,Rodriguez,rodribr01,699134,P
burgoju01,Juan,Burgos,burgoju01,686228,P
castabl01,Blas,Castano,castabl01,680604,P
evanslo01,Logan,Evans,evanslo01,688138,P
fordha01,Harry,Ford,fordha01,695670,C
garcibr02,Brandyn,Garcia,garcibr02,805299,P
laosa01,Sauryn,Lao,laosa01,666659,P
thomarh01,Rhylan,Thomas,thomarh01,689041,LF
willibe03,Ben,Williamson,willibe03,810938,3B
youngco01,Cole,Young,youngco01,702284,2B
eldribr01,Bryce,Eldridge,eldribr01,805811,1B
gilbedr01,Drew,Gilbert,gilbedr01,687551,CF
kossch01,Christian,Koss,kossch01,683766,2B
peguejo01,Joel,Peguero,peguejo01,666711,P
seymoca01,Carson,Seymour,seymoca01,693313,P
whiseca01,Carson,Whisenhunt,whiseca01,687931,P
churcna01,Nathan,Church,churcna01,701675,LF
crookji01,Jimmy,Crooks,crookji01,699625,C
granian01,Andre,Granillo,granian01,701552,P
prietce01,César,Prieto,prietce01,693409,2B
raqueni01,Nick,Raquet,raqueni01,675919,P
svansma01,Matt,Svanson,svansma01,694335,P
gervapa01,Paul,Gervase,gervapa01,801434,P
manguja01,Jake,Mangum,manguja01,663968,LF
petertr01,Tristan,Peters,petertr01,671976,LF
rockjo01,Joe,Rock,rockjo01,697812,P
seymobo01,Bob,Seymour,seymobo01,676044,1B
seymoia01,Ian,Seymour,seymoia01,693855,P
simpsch01,Chandler,Simpson,simpsch01,802415,LF
vanbebr01,Brian,Van Belle,vanbebr01,687003,P
wilcoco01,Cole,Wilcox,wilcoco01,677961,P
willica02,Carson,Williams,willica02,700246,SS
cornijo01,Jose,Corniell,cornijo01,692030,P
crimbl01,Blaine,Crim,crimbl01,688760,1B
curvelu01,Luis,Curvelo,curvelu01,681168,P
freemco01,Cody,Freeman,freemco01,683227,3B
osunaal02,Alejandro,Osuna,osunaal02,696030,LF
estrala01,Lazaro,Estrada,estrala01,681751,P
fishebr02,Braydon,Fisher,fishebr02,680755,P
fluhama01,Mason,Fluharty,fluhama01,689254,P
pinaro01,Robinson,Piña,pinaro01,673820,P
roberwi02,Will,Robertson,roberwi02,683770,LF
rodenal01,Alan,Roden,rodenal01,702176,LF
schulpa01,Paxton,Schultz,schulpa01,687606,P
yesavtr01,Trey,Yesavage,yesavtr01,702056,P
abelmi01,Mick,Abel,abelmi01,690953,P
adamstr01,Travis,Adams,adamstr01,701519,P
fitzgry01,Ryan,Fitzgerald,fitzgry01,680837,3B
keasclu01,Luke,Keaschall,keasclu01,807712,2B
lawerco01,Cody,Laweryson,lawerco01,689520,P
mccusca01,Carson,McCusker,mccusca01,676812,LF
ohlpi01,Pierson,Ohl,ohlpi01,701487,P
hoffmno01,Nolan,Hoffman,hoffmno01,676510,P
kempot01,Otto,Kemp,kempot01,805249,OF
rangeal01,Alan,Rangel,rangeal01,660604,P
baldwdr01,Drake,Baldwin,baldwdr01,686948,C
fuentdi01,Didier,Fuentes,fuentdi01,800311,P
harriha01,Hayden,Harris,harriha01,802686,P
munozro02,Rolddy,Muñoz,munozro02,691548,P
wilesna01,Nathan,Wiles,wilesna01,686249,P
elkoti01,Tim,Elko,elkoti01,671284,1B
freemca01,Caleb,Freeman,freemca01,673965,P
gonzawi02,Wikelman,González,gonzawi02,682790,P
meidrch01,Chase,Meidroth,meidrch01,805367,SS
montgco01,Colson,Montgomery,montgco01,695657,SS
palisja01,Jake,Palisch,palisja01,669449,P
queroed01,Edgar,Quero,queroed01,700337,C
smithsh02,Shane,Smith,smithsh02,681343,P
taylogr02,Grant,Taylor,taylogr02,691799,P
teelky01,Kyle,Teel,teelky01,691019,C
vasilmi01,Mike,Vasil,vasilmi01,678024,P
workmga01,Gage,Workman,workmga01,669398,3B
acostma02,Maximo,Acosta,acostma02,691185,SS
ariaslu01,Luarbert,Arias,ariaslu01,678215,P
gibsoca01,Cade,Gibson,gibsoca01,806188,P
gustory01,Ryan,Gusto,gustory01,687473,P
hernahe01,Heriberto,Hernandez,hernahe01,681715,LF
hicksli01,Liam,Hicks,hicksli01,689414,C
johnstr02,Troy,Johnston,johnstr02,687859,OF
marseja01,Jakob,Marsee,marseja01,805300,CF
mesavi01,Victor,Mesa,mesavi01,683748,CF
montepa01,Patrick,Monteverde,montepa01,687287,P
ramirag01,Agustín,Ramírez,ramirag01,682663,C
roach02,Christian,Roa,roach02,685005,P
simpsjo02,Josh,Simpson,simpsjo02,681006,P
winklja01,Jack,Winkler,winklja01,676466,2B
escarjc01,J. C.,Escarra,escarjc01,641555,C
sandrja01,Jayvien,Sandridge,sandrja01,682144,P
schlica01,Cam,Schlittler,schlica01,693645,P
vivasjo01,Jorbit,Vivas,vivasjo01,678391,2B
durbica01,Caleb,Durbin,durbica01,702332,3B
hendelo01,Logan,Henderson,hendelo01,701656,P
misioja01,Jacob,Misiorowski,misioja01,694819,P
patrich01,Chad,Patrick,patrich01,694477,P
seiglan01,Anthony,Seigler,seiglan01,678011,2B
thomaco02,Connor,Thomas,thomaco02,671162,P
yohocr01,Craig,Yoho,yohocr01,684974,P
farrimi01,Mitch,Farris,farrimi01,815083,P
fermijo02,José,Fermin,fermijo02,820862,P
guzmade01,Denzer,Guzman,guzmade01,694203,SS
johnsry01,Ryan,Johnson,johnsry01,696270,P
lugoma01,Matthew,Lugo,lugoma01,683090,LF
mcdanga01,Garrett,McDaniels,mcdanga01,680729,P
moorech03,Christian,Moore,moorech03,695681,2B
stevech02,Chad,Stevens,stevech02,677060,SS
abnerph01,Philip,Abner,abnerph01,691769,P
backhky01,Kyle,Backhus,backhky01,679775,P
englitr01,Tristin,English,englitr01,663536,OF
hoffman01,Andrew,Hoffmann,hoffman01,694851,P
montech01,Christian,Montes De Oca,montech01,801216,P
morilju02,Juan,Morillo,morilju02,666661,P
popeau01,Austin,Pope,popeau01,687166,P
rashita01,Taylor,Rashi,rashita01,688497,P
tawati01,Tim,Tawa,tawati01,694374,2B
basalsa01,Samuel,Basallo,basalsa01,694212,C
beavedy01,Dylan,Beavers,beavedy01,687637,RF
handlma01,Maverick,Handley,handlma01,668974,C
hiralya01,Yaramil,Hiraldo,hiralya01,682274,P
jacksje02,Jeremiah,Jackson,jacksje02,669236,2B
ragsdca01,Carson,Ragsdale,ragsdca01,685068,P
strowka01,Kade,Strowd,strowka01,669704,P
suganto01,Tomoyuki,Sugano,suganto01,608372,P
wolfrgr01,Grant,Wolfram,wolfrgr01,664991,P
youngbr01,Brandon,Young,youngbr01,687064,P
anthoro01,Roman,Anthony,anthoro01,701350,RF
campbkr01,Kristian,Campbell,campbkr01,692225,2B
dobbihu01,Hunter,Dobbins,dobbihu01,690928,P
earlyco01,Connelly,Early,earlyco01,813349,P
garcijh01,Jhostynxon,Garcia,garcijh01,691373,CF
mayerma01,Marcelo,Mayer,mayerma01,691785,3B
tollepa01,Payton,Tolle,tollepa01,801139,P
ballemo01,Moisés,Ballesteros,ballemo01,694208,C
caissow01,Owen,Caissie,caissow01,683357,RF
hortoca01,Cade,Horton,hortoca01,690990,P
shawma01,Matt,Shaw,shawma01,807713,3B
banfiwi01,Will,Banfield,banfiwi01,677943,C
burnsch01,Chase,Burns,burnsch01,695505,P
callity01,Tyler,Callihan,callity01,682997,LF
maxweza01,Zach,Maxwell,maxweza01,687209,P
meylu01,Luis,Mey,meylu01,682825,P
pettych02,Chase,Petty,pettych02,695534,P
stewasa02,Sal,Stewart,stewasa02,701398,3B
delauch01,Chase,DeLauter,delauch01,800050,RF
enrigni01,Nic,Enright,enrigni01,663671,P
halpipe01,Petey,Halpin,halpipe01,690984,CF
kayfucj01,CJ,Kayfus,kayfucj01,692216,1B
kentza01,Zak,Kent,kentza01,687849,P
messipa01,Parker,Messick,messipa01,800048,P
nikhado01,Doug,Nikhazy,nikhado01,680951,P
valerge01,George,Valera,valerge01,671655,RF
wilsowi03,Will,Wilson,wilsowi03,669717,3B
agnosza01,Zach,Agnos,agnosza01,688642,P
bernawa01,Warming,Bernabel,bernawa01,682653,3B
brownmc01,McCade,Brown,brownmc01,685326,P
darnedu01,Dugan,Darnell,darnedu01,699911,P
dollach01,Chase,Dollander,dollach01,801403,P
fernaya01,Yanquiel,Fernández,fernaya01,692585,RF
fulfobr01,Braxton,Fulford,fulfobr01,690924,C
karroky01,Kyle,Karros,karroky01,691720,3B
mejiaju01,Juan,Mejia,mejiaju01,675848,P
palmqca01,Carson,Palmquist,palmqca01,687223,P
rittery01,Ryan,Ritter,rittery01,690022,SS
rolisry01,Ryan,Rolison,rolisry01,669020,P
veenza01,Zac,Veen,veenza01,691728,LF
leech02,Chase,Lee,leech02,695445,P
meltotr01,Troy,Melton,meltotr01,675512,P
owensty01,Tyler,Owens,owensty01,687074,P
smithdy01,Dylan,Smith,smithdy01,681916,P
sommedr01,Drew,Sommers,sommedr01,805427,P
blubaaj01,AJ,Blubaugh,blubaaj01,805123,P
coleza01,Zach,Cole,coleza01,805904,CF
coronke01,Kenedy,Corona,coronke01,685744,CF
gordoco01,Colton,Gordon,gordoco01,676467,P
matthbr01,Brice,Matthews,matthbr01,694728,SS
meltoja01,Jacob,Melton,meltoja01,689200,LF
murraja01,Jayden,Murray,murraja01,681151,P
roonejo01,John,Rooney,roonejo01,680701,P
smithca07,Cam,Smith,smithca07,701358,RF
vanwelo01,Logan,VanWey,vanwelo01,701121,P
avilalu02,Luinder,Avila,avilalu02,679883,P
caglija01,Jac,Caglianone,caglija01,695506,RF
camerno01,Noah,Cameron,camerno01,702070,P
jenseca01,Carter,Jensen,jenseca01,695600,C
ravejo01,John,Rave,ravejo01,670231,RF
tolbety01,Tyler,Tolbert,tolbety01,686475,2B
deanju01,Justin,Dean,deanju01,681909,CF
dreyeja01,Jack,Dreyer,dreyeja01,676263,P
freelal01,Alex,Freeland,freelal01,690976,SS
kimhy02,Hyeseong,Kim,kimhy02,808975,2B
littlja02,Jack,Little,littlja02,669193,P
rushida01,Dalton,Rushing,rushida01,687221,C
sasakro01,Roki,Sasaki,sasakro01,808963,P
alvaran01,Andrew,Alvarez,alvaran01,674841,P
hassero02,Robert,Hassell,hassero02,690987,CF
henryco01,Cole,Henry,henryco01,669371,P
housebr01,Brady,House,housebr01,691781,3B
laraan01,Andry,Lara,laraan01,691251,P
lileda01,Daylen,Lile,lileda01,695734,RF
lordbr02,Brad,Lord,lordbr02,695418,P
ogasash01,Shinnosuke,Ogasawara,ogasash01,829272,P
poulipj01,PJ,Poulin,poulipj01,676571,P
stubbcj01,C. J.,Stubbs,stubbcj01,667690,C
carrial01,Alex,Carrillo,carrial01,692024,P
hagenju01,Justin,Hagenman,hagenju01,663795,P
hameldo01,Dom,Hamel,hameldo01,687589,P
mcleano01,Nolan,McLean,mcleano01,690997,P
pintajo01,Jonathan,Pintaro,pintajo01,702752,P
sengeha01,Hayden,Senger,sengeha01,663584,C
sproabr01,Brandon,Sproat,sproabr01,687075,P
tidwebl01,Blade,Tidwell,tidwebl01,694918,P
tongjo01,Jonah,Tong,tongjo01,804636,P
boltehe01,Henry,Bolte,boltehe01,703607,CF
juengha01,Hayden,Juenger,juengha01,696522,P
jumpga01,Gage,Jump,jumpga01,695611,P
kurodjo01,Joshua,Kuroda-Grauer,kurodjo01,811965,3B
morrika01,Kade,Morris,morrika01,695034,P
mlb0814305,Yunior,Tur,,814305,P
mlb0695720,Tommy,White,,695720,3B
bidoibr01,Brandan,Bidois,bidoibr01,684049,P
mlb0687394,Jack,Brannigan,,687394,SS
mlb0694753,Khristian,Curtis,,694753,P
dotelwi01,Wilber,Dotel,dotelwi01,696062,P
gonzaja01,Jacob,Gonzalez,gonzaja01,694378,SS
griffko01,Konnor,Griffin,griffko01,804606,SS
kellyan01,Antwone,Kelly,kellyan01,699008,P
mlb0676566,Shawn,Ross,,676566,C
valdees01,Esmerlyn,Valdez,valdees01,699013,RF
bowenja01,Jase,Bowen,bowenja01,687749,RF
duranro02,Rodolfo,Durán,duranro02,660710,C
huntbl01,Blake,Hunt,huntbl01,675448,C
songsu01,Sung Mun,Song,songsu01,823550,2B
davilni01,Nick,Davila,davilni01,689546,P
emersco01,Colt,Emerson,emersco01,806068,SS
gonzado01,Domingo,Gonzalez,gonzado01,682445,P
hoppeal01,Alex,Hoppe,hoppeal01,695380,P
bericvi01,Victor,Bericoto,bericvi01,682674,RF
cavandr01,Drew,Cavanaugh,cavandr01,701852,C
coxjo01,Jonah,Cox,coxjo01,813841,CF
ramoswi02,Wilkin,Ramos,ramoswi02,678576,P
rodrije02,Jesus,Rodriguez,rodrije02,683679,C
susacda01,Daniel,Susac,susacda01,691740,C
mlb0703725,Luis,Gastelum,,703725,P
jordabl01,Blaze,Jordan,jordabl01,691458,3B
mautzbr01,Brycen,Mautz,mautzbr01,802408,P
pushama01,Matt,Pushard,pushama01,690155,P
rajcima01,Max,Rajcic,rajcima01,691008,P
torrebr01,Bryan,Torres,torrebr01,663494,LF
wethejj01,JJ,Wetherholt,wethejj01,802139,2B
mlb0702047,Alex,Cook,,702047,P
martitr01,Trevor,Martin,martitr01,694680,P
solesch01,Chase,Solesky,solesch01,686678,P
ahlstro01,Robby,Ahlstrom,ahlstro01,695239,P
baumlca01,Carter,Baumler,baumlca01,691945,P
cauleca01,Cameron,Cauley,cauleca01,695508,CF
collyga01,Gavin,Collyer,collyga01,686560,P
graype02,Peyton,Gray,graype02,682608,P
mlb0687239,Ben,Peoples,,687239,P
mlb0692437,Winston,Santos,,692437,P
mlb0693713,Emiliano,Teodo,,693713,P
andreta01,Tanner,Andrews,andreta01,681084,P
dallach01,Chad,Dallas,dallach01,689149,P
keysse01,Sean,Keys,keysse01,815873,DH
mackoad01,Adam,Macko,mackoad01,671936,P
mcadoch01,Charles,McAdoo,mcadoch01,807727,2B
milessp01,Spencer,Miles,milessp01,693686,P
okamoka01,Kazuma,Okamoto,okamoka01,672960,3B
pinanyo01,Yohendrick,Pinango,pinanyo01,682818,LF
valenbr01,Brandon,Valenzuela,valenbr01,678218,C
mlb0669310,CJ,Van Eyk,,669310,P
anderja02,Jack,Anderson,anderja02,681252,P
fedkoky01,Kyler,Fedko,fedkoky01,693459,LF
mlb0808970,Woo Suk,Go,,808970,P
gonzaga03,Gabriel,Gonzalez,gonzaga03,694224,RF
kleinjo01,John,Klein,kleinjo01,804619,P
morrian01,Andrew,Morris,morrian01,702193,P
paredmi01,Mike,Paredes,paredmi01,702474,P
prielco01,Connor,Prielipp,prielco01,687570,P
rojaske01,Kendry,Rojas,rojaske01,696070,P
crawfju01,Justin,Crawford,crawfju01,702222,CF
mlb0662144,Brian,Keller,,662144,P
mlb0686934,Alex,McFarlane,,686934,P
paintan01,Andrew,Painter,paintan01,691725,P
reyesfe01,Felix,Reyes,reyesfe01,694025,LF
rincoga01,Gabriel,Rincones,rincoga01,687282,RF
jarviji01,Jim,Jarvis,jarviji01,805347,SS
mlb0702566,Owen,Murphy,,702566,P
ritchjr01,JR,Ritchie,ritchjr01,702275,P
antonsa01,Sam,Antonacci,antonsa01,803011,LF
davisty01,Tyler,Davis,davisty01,699823,P
davitdu01,Duncan,Davitt,davitdu01,701474,P
montgbr01,Braden,Montgomery,montgbr01,695731,RF
murakmu01,Munetaka,Murakami,murakmu01,808959,1B
murrata01,Tanner,Murray,murrata01,695020,LF
nishiri01,Rikuu,Nishida,nishiri01,807747,RF
paezje01,Jedixson,Paez,paezje01,699151,P
perezju03,Junior,Perez,perezju03,678577,CF
sandlda01,David,Sandlin,sandlda01,689818,P
schulno01,Noah,Schultz,schulno01,702273,P
schwety01,Tyler,Schweitzer,schwety01,805326,P
delosde01,Deyvison,De Los Santos,delosde01,691277,1B
eknesjo01,Josh,Ekness,eknesjo01,694795,P
fultoda01,Dax,Fulton,fultoda01,690978,P
kempnwi01,William,Kempner,kempnwi01,687531,P
mackjo02,Joe,Mack,mackjo02,691788,C
snellro01,Robby,Snelling,snellro01,702281,P
whitejo04,Josh,White,whitejo04,687985,P
beckbr01,Brendan,Beck,beckbr01,694341,P
cruzyo01,Yovanny,Cruz,cruzyo01,672442,P
jonessp01,Spencer,Jones,jonessp01,682987,CF
rodriel03,Elmer,Rodriguez,rodriel03,695684,P
crowco01,Coleman,Crow,crowco01,689441,P
drohash01,Shane,Drohan,drohash01,675660,P
fitzpbr01,Brian,Fitzpatrick,fitzpbr01,702153,P
mlb0800325,Luis,Lara,,800325,RF
prattco01,Cooper,Pratt,prattco01,806198,SS
queroje01,Jeferson,Quero,queroje01,691620,C
mlb0668831,Garrett,Stallings,,668831,P
kerrybr01,Brett,Kerry,kerrybr01,695049,P
klassge01,George,Klassen,klassge01,691946,P
martiom01,Omar,Martinez,martiom01,683079,C
mlb0684665,Luke,Murphy,,684665,P
natersa01,Samy,Natera,natersa01,696519,P
urenawa01,Walbert,Ureña,urenawa01,700712,P
brattmi01,Mitch,Bratt,brattmi01,683352,P
cabrejo03,Jose,Cabrera,cabrejo03,703615,P
mlb0672629,Gerardo,Carrillo,,672629,P
mlb0684442,Kohl,Drake,,684442,P
fernajo06,Jose,Fernandez,fernajo06,699912,DH
groovlu01,LuJames,Groover,groovlu01,694410,1B
troyto01,Tommy,Troy,troyto01,694371,LF
waldsry01,Ryan,Waldschmidt,waldsry01,814439,CF
fosteca01,Cameron,Foster,fosteca01,671382,P
gibsotr01,Trey,Gibson,gibsotr01,694346,P
nunezan01,Anthony,Nunez,nunezan01,689296,P
westoca01,Cameron,Weston,westoca01,687721,P
benneja01,Jake,Bennett,benneja01,687562,P
gamboal01,Alec,Gamboa,gamboal01,687941,P
rivered01,Eduardo,Rivera,rivered01,700842,P
samanty01,Tyler,Samaniego,samanty01,701719,P
ubersty01,Tyler,Uberstine,ubersty01,700413,P
watsory01,Ryan,Watson,watsory01,670245,P
mlb0681520,Antoine,Kelly,,681520,P
martiri02,Riley,Martin,martiri02,702303,P
ramirpe01,Pedro,Ramírez,ramirpe01,699393,2B
mlb0701649,James,Triantos,,701649,2B
arroyed01,Edwin,Arroyo,arroyed01,695490,2B
francjo02,Jose,Franco,francjo02,683742,P
garciju01,Julian,Garcia,garciju01,670062,P
mlb0671155,Ivan,Johnson,,671155,2B
mccamza01,Zach,McCambley,mccamza01,685112,P
alemafr01,Franco,Aleman,alemafr01,680916,P
bazzatr01,Travis,Bazzana,bazzatr01,683953,2B
britoju02,Juan,Brito,britoju02,682877,2B
dionwi01,Will,Dion,dionwi01,702021,P
espinda02,Daniel,Espino,espinda02,682982,P
ingleco01,Cooper,Ingle,ingleco01,694876,C
pallepe01,Peyton,Pallette,pallepe01,688883,P
watsoka01,Kahlil,Watson,watsoka01,696135,RF
carrico01,Cole,Carrigg,carrico01,694249,CF
casteei01,Eiberson,Castellano,casteei01,682769,P
herrewe01,Welinton,Herrera,herrewe01,700327,P
mlb0687312,Gabriel,Hughes,,687312,P
rumfitj01,TJ,Rumfield,rumfitj01,681198,1B
shooktj01,TJ,Shook,shooktj01,669298,P
sullise01,Sean,Sullivan,sullise01,807743,P
thompst01,Sterlin,Thompson,thompst01,694514,RF
mlb0703601,Max,Clark,,703601,CF
cruztr01,Trei,Cruz,cruztr01,669360,CF
leeha02,Hao-Yu,Lee,leeha02,701678,2B
malgebe01,Ben,Malgeri,malgebe01,701162,RF
mcgonke01,Kevin,McGonigle,mcgonke01,805808,SS
mlb0680664,Eduardo,Valencia,,680664,C
delgara02,Raynel,Delgado,delgara02,669384,2B
imaita01,Tatsuya,Imai,imaita01,837227,P
priceco01,Collin,Price,priceco01,805672,C
santaal01,Alimber,Santa,santaal01,695001,P
mlb0828599,Lucas,Spence,,828599,CF
ullolmi01,Miguel,Ullola,ullolmi01,699044,P
weissry01,Ryan,Weiss,weissry01,680802,P
ceraner01,Eric,Cerantola,ceraner01,672021,P
waybe01,Beck,Way,waybe01,694360,P
mlb0672613,Eliezer,Alfonzo,,672613,C
wardry01,Ryan,Ward,wardry01,669899,LF
corneri01,Riley,Cornelio,corneri01,683000,P
mlb0678868,Eddy,Yean,,678868,P
bengeca01,Carson,Benge,bengeca01,701807,RF
ewingaj01,A. J.,Ewing,ewingaj01,805999,CF
morabni01,Nick,Morabito,morabni01,703492,LF
mlb0676910,Matt,Seelinger,,676910,P
thornza01,Zach,Thornton,thornza01,804267,P
